{"loss": [0.6186445355415344, 0.6609333753585815, 0.5389783382415771, 0.5509956479072571, 0.5501300692558289, 0.4969702959060669, 0.49402061104774475, 0.5098781585693359, 0.49789369106292725, 0.4761480391025543], "accuracy": [0.6666666865348816, 0.6666666865348816, 0.6666666865348816, 0.6666666865348816, 0.6666666865348816, 0.6666666865348816, 0.6666666865348816, 0.6666666865348816, 0.6666666865348816, 0.6666666865348816]}